doc_id,mention,start,end,language,label,predicted_label
A9_BG_3970.txt,Европа,24,29,BG,Antagonist,Antagonist
A9_BG_3970.txt,НАТО,160,163,BG,Antagonist,Antagonist
A9_BG_4076.txt,Европа,50,55,BG,Innocent,Antagonist
A9_BG_8427.txt,Путин,94,98,BG,Antagonist,Antagonist
A9_BG_3819.txt,Украйна,233,239,BG,Protagonist,Innocent
A9_BG_3819.txt,Владимир Путин,40,53,BG,Antagonist,Antagonist
A9_BG_2961.txt,Володимир Зеленски,23,40,BG,Protagonist,Protagonist
A9_BG_2961.txt,Путин,86,90,BG,Antagonist,Antagonist
A9_BG_2828.txt,Вашингтон,47,55,BG,Antagonist,Antagonist
A9_BG_2828.txt,Брюксел,59,65,BG,Antagonist,Antagonist
BG_73.txt,Антониу Гутериш,187,201,BG,Protagonist,Protagonist
A9_BG_4093.txt,Демократическата партия,99,121,BG,Antagonist,Antagonist
A9_BG_4093.txt,Украйна,155,161,BG,Antagonist,Antagonist
A9_BG_3964.txt,Въоръжените сили на Украйна (ВСУ,186,217,BG,Antagonist,Antagonist
A9_BG_3964.txt,Луганск,223,229,BG,Innocent,Antagonist
A9_BG_3921.txt,Западът,15,21,BG,Antagonist,Antagonist
A9_BG_3921.txt,Владимир Путин,169,182,BG,Protagonist,Antagonist
A9_BG_2663.txt,НАТО,75,78,BG,Antagonist,Antagonist
A9_BG_2663.txt,Запада,298,303,BG,Antagonist,Antagonist
BG_979.txt,Ал Гор,170,175,BG,Antagonist,Antagonist
BG_979.txt,Грета Тунберг,219,231,BG,Antagonist,Antagonist
BG_979.txt,Марк Баумър,224,234,BG,Antagonist,Antagonist
BG_950.txt,Швеция,2,7,BG,Antagonist,Innocent
A9_BG_2569.txt,Украйна,63,69,BG,Antagonist,Antagonist
A9_BG_2569.txt,Русия,123,127,BG,Innocent,Antagonist
A9_BG_2569.txt,Запада,218,223,BG,Antagonist,Antagonist
A9_BG_2569.txt,САЩ,227,229,BG,Antagonist,Antagonist
A9_BG_4039.txt,Белгия,0,5,BG,Protagonist,Antagonist
A9_BG_4039.txt,Дания,8,12,BG,Protagonist,Antagonist
A9_BG_4039.txt,Нидерландия,15,25,BG,Protagonist,Antagonist
A9_BG_4039.txt,Норвегия,29,36,BG,Protagonist,Antagonist
EN_UA_DEV_100012.txt,Washington,0,9,EN,Antagonist,Antagonist
EN_UA_DEV_100012.txt,Americans,50,58,EN,Antagonist,Antagonist
EN_CC_200053.txt,Rishi Sunak,25,35,EN,Antagonist,Protagonist
EN_CC_200040.txt,Extinction Rebellion,7,26,EN,Antagonist,Antagonist
EN_CC_200070.txt,Eric Garcetti,19,31,EN,Antagonist,Protagonist
EN_CC_200070.txt,Los Angeles,25,35,EN,Innocent,Antagonist
EN_UA_DEV_100033.txt,Russia,25,30,EN,Antagonist,Antagonist
EN_UA_DEV_100033.txt,Kremlin propagandists,196,216,EN,Antagonist,Antagonist
EN_UA_DEV_100033.txt,Vladimir Soloviev,392,408,EN,Antagonist,Antagonist
EN_UA_DEV_100033.txt,Matveychev,69,78,EN,Antagonist,Antagonist
EN_CC_200036.txt,Al Gore,1,7,EN,Antagonist,Antagonist
EN_CC_200079.txt,Klaus Schwab,1,12,EN,Antagonist,Protagonist
EN_CC_200079.txt,World Economic Forum,16,35,EN,Antagonist,Protagonist
EN_CC_200079.txt,World Economic Forum,4,23,EN,Antagonist,Antagonist
EN_UA_DEV_100029.txt,Russia,1,6,EN,Antagonist,Antagonist
EN_UA_DEV_100029.txt,Ukraine,59,65,EN,Protagonist,Antagonist
EN_UA_DEV_20.txt,Biden,0,4,EN,Antagonist,Antagonist
EN_UA_DEV_20.txt,Putin,0,4,EN,Protagonist,Antagonist
EN_UA_DEV_20.txt,Ukrainian government,22,41,EN,Antagonist,Antagonist
EN_UA_DEV_20.txt,the US,161,166,EN,Antagonist,Antagonist
EN_UA_DEV_20.txt,Biden,89,93,EN,Antagonist,Antagonist
EN_CC_200033.txt,Greta Thunberg,18,31,EN,Antagonist,Protagonist
EN_CC_200033.txt,Thunberg,47,54,EN,Antagonist,Antagonist
EN_CC_200033.txt,COP,587,589,EN,Antagonist,Antagonist
EN_CC_200033.txt,Stuart Basden,9,21,EN,Antagonist,Protagonist
EN_CC_200071.txt,Biden's,176,182,EN,Antagonist,Antagonist
EN_CC_200046.txt,Democrats,27,35,EN,Antagonist,Antagonist
EN_UA_DEV_100026.txt,Germany,185,191,EN,Antagonist,Antagonist
EN_UA_DEV_100026.txt,Germany,20,26,EN,Antagonist,Antagonist
EN_UA_DEV_100026.txt,Alternative for Germany,142,164,EN,Protagonist,Antagonist
EN_UA_DEV_215.txt,Ukraine,51,57,EN,Antagonist,Antagonist
EN_CC_200054.txt,ECB,98,100,EN,Antagonist,Antagonist
EN_CC_200054.txt,Bank of England,68,82,EN,Antagonist,Antagonist
EN_UA_DEV_100013.txt,SBU,4,6,EN,Antagonist,Antagonist
EN_UA_DEV_100013.txt,Zelensky,102,109,EN,Antagonist,Antagonist
EN_UA_DEV_100013.txt,Bogdan,237,242,EN,Innocent,Antagonist
EN_UA_DEV_100013.txt,Zaluzhny,0,7,EN,Antagonist,Antagonist
EN_UA_DEV_100013.txt,Zaluzhny,0,7,EN,Antagonist,Protagonist
EN_UA_DEV_100013.txt,Zaluzhny,18,25,EN,Antagonist,Protagonist
EN_UA_DEV_100013.txt,Stepan Bandera,315,328,EN,Antagonist,Antagonist
EN_UA_DEV_100013.txt,Roman Shukhevych,334,349,EN,Antagonist,Antagonist
EN_UA_DEV_100013.txt,British,257,263,EN,Antagonist,Antagonist
EN_UA_DEV_100013.txt,Britain,51,57,EN,Antagonist,Antagonist
EN_UA_DEV_100013.txt,Labour Party,71,82,EN,Antagonist,Antagonist
EN_CC_200077.txt,Biden,99,103,EN,Antagonist,Antagonist
EN_CC_200077.txt,China,47,51,EN,Antagonist,Antagonist
EN_CC_200034.txt,Just Stop Oil,123,135,EN,Antagonist,Antagonist
EN_CC_200034.txt,Just Stop Oil,31,43,EN,Antagonist,Antagonist
EN_UA_DEV_213.txt,US,5,6,EN,Antagonist,Antagonist
EN_UA_DEV_213.txt,European allies,16,30,EN,Antagonist,Antagonist
EN_UA_DEV_213.txt,Ukraine,39,45,EN,Innocent,Antagonist
EN_UA_DEV_213.txt,Washington,47,56,EN,Antagonist,Antagonist
EN_UA_DEV_213.txt,Ukrainian,124,132,EN,Antagonist,Antagonist
EN_UA_DEV_213.txt,New York Times,178,191,EN,Antagonist,Antagonist
EN_UA_DEV_213.txt,Washington Post,197,211,EN,Antagonist,Antagonist
EN_UA_DEV_213.txt,Saddam Hussein,46,59,EN,Innocent,Antagonist
EN_UA_DEV_213.txt,Russia,26,31,EN,Innocent,Antagonist
EN_UA_DEV_213.txt,United States,499,511,EN,Antagonist,Antagonist
EN_UA_DEV_213.txt,NATO,176,179,EN,Antagonist,Antagonist
EN_UA_DEV_213.txt,NATO,39,42,EN,Antagonist,Antagonist
EN_UA_DEV_213.txt,United States,47,59,EN,Antagonist,Antagonist
EN_UA_DEV_213.txt,NATO,66,69,EN,Antagonist,Antagonist
EN_UA_DEV_213.txt,United States,354,366,EN,Antagonist,Antagonist
EN_UA_DEV_213.txt,Germany,372,378,EN,Antagonist,Antagonist
EN_UA_DEV_213.txt,Russia,0,5,EN,Innocent,Antagonist
EN_UA_DEV_213.txt,United States,36,48,EN,Antagonist,Antagonist
EN_UA_DEV_213.txt,the United States,4,20,EN,Antagonist,Antagonist
EN_UA_DEV_213.txt,US media,4,11,EN,Antagonist,Antagonist
EN_CC_200047.txt,World Economic Forum,154,173,EN,Antagonist,Antagonist
EN_CC_200047.txt,Committee to Unleash Prosperity,31,61,EN,Protagonist,Antagonist
EN_CC_200047.txt,The College Fix,24,38,EN,Protagonist,Antagonist
EN_CC_200081.txt,Mairi Gougeon,124,136,EN,Antagonist,Antagonist
EN_CC_200081.txt,China,391,395,EN,Antagonist,Innocent
EN_UA_DEV_214.txt,Ukraine,28,34,EN,Innocent,Antagonist
EN_UA_DEV_214.txt,China,54,58,EN,Innocent,Antagonist
EN_UA_DEV_214.txt,the West,70,77,EN,Antagonist,Antagonist
EN_UA_DEV_214.txt,the West,21,28,EN,Antagonist,Antagonist
EN_UA_DEV_214.txt,Joe Biden,47,55,EN,Antagonist,Antagonist
EN_UA_DEV_214.txt,Nato,0,3,EN,Antagonist,Antagonist
EN_CC_200064.txt,Restore Wetlands,178,193,EN,Antagonist,Antagonist
EN_CC_200035.txt,Gretchen Whitmer,6,21,EN,Antagonist,Protagonist
EN_CC_200069.txt,Oxford,0,5,EN,Protagonist,Protagonist
EN_CC_200069.txt,the UK,107,112,EN,Protagonist,Antagonist
EN_CC_200069.txt,Piers Corbyn,0,11,EN,Protagonist,Protagonist
EN_UA_DEV_100019.txt,Russia-,0,6,EN,Antagonist,Antagonist
EN_UA_DEV_100019.txt,Star Blizzard,79,91,EN,Antagonist,Antagonist
EN_UA_DEV_100002.txt,Zelensky,0,7,EN,Antagonist,Protagonist
EN_UA_DEV_100002.txt,Ukraine,15,21,EN,Innocent,Antagonist
EN_UA_DEV_100002.txt,West,4,7,EN,Antagonist,Antagonist
EN_UA_DEV_100002.txt,NATO,150,153,EN,Antagonist,Antagonist
EN_UA_DEV_100002.txt,Russia,51,56,EN,Protagonist,Antagonist
HI_26.txt,मोदी,0,3,HI,Protagonist,Protagonist
HI_26.txt,भारत,54,57,HI,Protagonist,Protagonist
HI_26.txt,राष्ट्रपति वोलोदोमीर,11,30,HI,Antagonist,Protagonist
HI_26.txt,रूस,85,87,HI,Antagonist,Antagonist
HI_26.txt,कीव,92,94,HI,Innocent,Innocent
HI_26.txt,स्लोवियास्क,99,109,HI,Innocent,Innocent
HI_26.txt,मोदी,85,88,HI,Protagonist,Protagonist
HI_26.txt,PM,116,117,HI,Protagonist,Protagonist
HI_26.txt,रूस,8,10,HI,Innocent,Antagonist
HI_160.txt,यूक्रेन-,34,41,HI,Innocent,Protagonist
HI_160.txt,जॉर्ज डब्ल्यू बुश,357,373,HI,Protagonist,Protagonist
HI_160.txt,जर्मनी,439,444,HI,Antagonist,Antagonist
HI_160.txt,फ्रांस,449,454,HI,Antagonist,Antagonist
HI_51.txt,रूस,62,64,HI,Antagonist,Protagonist
HI_51.txt,यूक्रेन,138,144,HI,Innocent,Protagonist
HI_51.txt,स्विट्जरलैंड,160,171,HI,Protagonist,Protagonist
HI_51.txt,नई दिल्ली,16,24,HI,Protagonist,Protagonist
HI_51.txt,अमेरिका,27,33,HI,Antagonist,Antagonist
HI_51.txt,यूरोप,38,42,HI,Antagonist,Antagonist
HI_51.txt,रूस,33,35,HI,Antagonist,Antagonist
HI_51.txt,यूक्रेन,0,6,HI,Innocent,Innocent
HI_51.txt,गाजा,219,222,HI,Innocent,Innocent
HI_51.txt,अमेरिका,281,287,HI,Antagonist,Antagonist
HI_51.txt,यूरोप,292,296,HI,Antagonist,Antagonist
HI_51.txt,भारत,385,388,HI,Protagonist,Antagonist
HI_114.txt,अमेरिका,54,60,HI,Antagonist,Antagonist
HI_114.txt,फ्रांस,63,68,HI,Antagonist,Antagonist
HI_114.txt,रूस,32,34,HI,Antagonist,Antagonist
HI_114.txt,यूक्रेनी सैनिकों,83,98,HI,Innocent,Antagonist
HI_114.txt,अमेरिका,161,167,HI,Protagonist,Antagonist
HI_114.txt,फ्रांस,172,177,HI,Protagonist,Antagonist
HI_114.txt,यूक्रेन,47,53,HI,Protagonist,Protagonist
HI_114.txt,रक्षा मंत्रालय,387,400,HI,Protagonist,Protagonist
HI_114.txt,इमैनुएल मैक्रॉन,156,170,HI,Protagonist,Protagonist
HI_114.txt,व्लादिमीर पुतिन,288,302,HI,Antagonist,Antagonist
HI_17.txt,शी चिनफिंग,38,47,HI,Protagonist,Protagonist
HI_17.txt,ओरबान,58,62,HI,Antagonist,Protagonist
HI_152.txt,किम जोंग,24,31,HI,Antagonist,Protagonist
HI_152.txt,रूस,110,112,HI,Antagonist,Antagonist
HI_152.txt,यूक्रेन,136,142,HI,Innocent,Antagonist
HI_152.txt,साउथ कोरिया,220,230,HI,Antagonist,Antagonist
HI_152.txt,दक्षिण कोरिया,458,470,HI,Protagonist,Protagonist
HI_152.txt,किम योंग-ह्यून,488,501,HI,Protagonist,Protagonist
HI_152.txt,पुतिन,142,146,HI,Antagonist,Protagonist
HI_152.txt,नाटो,189,192,HI,Antagonist,Antagonist
HI_152.txt,पश्चिमी देशों,203,215,HI,Antagonist,Antagonist
HI_152.txt,रूस,16,18,HI,Protagonist,Antagonist
HI_152.txt,यूक्रेन,20,26,HI,Protagonist,Antagonist
HI_152.txt,राष्ट्रपति जेलेंस्की,388,407,HI,Protagonist,Antagonist
HI_152.txt,सैनिकों,213,219,HI,Innocent,Antagonist
HI_152.txt,उत्तर कोरिया,8,19,HI,Antagonist,Antagonist
HI_152.txt,दोनेत्सक,128,135,HI,Innocent,Innocent
HI_152.txt,यूक्रेन,144,150,HI,Protagonist,Antagonist
HI_35.txt,द मॉस्को टाइम्स,42,56,HI,Antagonist,Antagonist
HI_35.txt,द मॉस्को टाइम्स,184,198,HI,Antagonist,Antagonist
HI_35.txt,द मॉस्को टाइम्स,129,143,HI,Antagonist,Antagonist
HI_35.txt,इवान गेर्शकोविच,148,162,HI,Antagonist,Antagonist
HI_76.txt,रूस,0,2,HI,Antagonist,Protagonist
HI_76.txt,अमेरिका,310,316,HI,Antagonist,Antagonist
HI_76.txt,रूसी सेना,120,128,HI,Antagonist,Protagonist
HI_76.txt,यूक्रेन,54,60,HI,Protagonist,Protagonist
HI_76.txt,यूक्रेनी सेना,111,123,HI,Protagonist,Protagonist
HI_76.txt,पुतिन प्रशासन,334,346,HI,Antagonist,Protagonist
HI_134.txt,34 राज्यों,251,260,HI,Innocent,Innocent
HI_134.txt,केंद्र शासित प्रदेशों,264,284,HI,Innocent,Innocent
HI_134.txt,भारत,47,50,HI,Innocent,Innocent
HI_134.txt,डा. एंड्रयू परशिंग,0,17,HI,Protagonist,Protagonist
HI_134.txt,साइंस क्लाइमेट सेंटर,36,55,HI,Protagonist,Protagonist
HI_134.txt,क्लाइमेट सेंट्रल,300,315,HI,Protagonist,Protagonist
HI_71.txt,रूस,18,20,HI,Protagonist,Protagonist
HI_71.txt,रूस,18,20,HI,Protagonist,Antagonist
HI_71.txt,यूक्रेन,30,36,HI,Antagonist,Antagonist
HI_71.txt,रूस,0,2,HI,Protagonist,Protagonist
HI_71.txt,रूस,0,2,HI,Innocent,Protagonist
HI_19.txt,रूस,0,2,HI,Protagonist,Antagonist
HI_19.txt,इवान गेर्शकोविच,71,85,HI,Innocent,Antagonist
HI_19.txt,पॉल व्हेलन,112,121,HI,Innocent,Antagonist
HI_19.txt,जो बाइडेन,103,111,HI,Protagonist,Protagonist
HI_19.txt,वादिम कसीकोव,57,68,HI,Antagonist,Antagonist
HI_139.txt,ब्राजील,147,153,HI,Innocent,Innocent
HI_139.txt,दक्षिण अमेरिकी देश,163,180,HI,Innocent,Innocent
HI_139.txt,भारत,102,105,HI,Antagonist,Antagonist
HI_139.txt,कई देश,112,117,HI,Antagonist,Antagonist
HI_139.txt,अपूर्व चंद्रा,322,334,HI,Protagonist,Protagonist
HI_139.txt,सुजाता सुनील,176,187,HI,Protagonist,Protagonist
HI_139.txt,यूएस सेंटर फॉर डिजीज कंट्रोल एंड प्रिवेंशन,27,68,HI,Protagonist,Protagonist
HI_126.txt,नरेंद्र मोदी,149,160,HI,Protagonist,Protagonist
HI_126.txt,पश्चिमी देश,387,397,HI,Antagonist,Protagonist
HI_126.txt,भारत,36,39,HI,Protagonist,Protagonist
HI_126.txt,यूक्रेन के राष्ट्रपति,213,233,HI,Antagonist,Protagonist
HI_126.txt,प्रधानमंत्री मोदी,158,174,HI,Protagonist,Protagonist
HI_126.txt,भारत,17,20,HI,Protagonist,Protagonist
HI_126.txt,चीन,177,179,HI,Antagonist,Antagonist
HI_151.txt,किंग जोंग,24,32,HI,Antagonist,Protagonist
HI_151.txt,यूक्रेन,279,285,HI,Innocent,Antagonist
HI_151.txt,सोवियत संघ,80,89,HI,Protagonist,Antagonist
HI_151.txt,अमेरिका,50,56,HI,Antagonist,Protagonist
HI_125.txt,यूक्रेन,0,6,HI,Innocent,Protagonist
HI_125.txt,वोलोदिमिर जेलेंस्की,22,40,HI,Protagonist,Protagonist
HI_125.txt,रूस,64,66,HI,Antagonist,Protagonist
HI_125.txt,जर्मनी,47,52,HI,Antagonist,Antagonist
HI_125.txt,जेलेंस्की,0,8,HI,Protagonist,Protagonist
HI_125.txt,जर्मनी,47,52,HI,Antagonist,Antagonist
HI_125.txt,यूक्रेन,298,304,HI,Innocent,Antagonist
HI_97.txt,यूक्रेन,183,189,HI,Innocent,Antagonist
HI_97.txt,जेलेंस्की,39,47,HI,Protagonist,Protagonist
HI_143.txt,महिलाओं,147,153,HI,Innocent,Protagonist
HI_143.txt,दिव्यांगों,156,165,HI,Innocent,Protagonist
HI_143.txt,मूल निवासियों,170,182,HI,Innocent,Protagonist
HI_143.txt,चंद्रचूड,11,18,HI,Protagonist,Protagonist
HI_156.txt,रूस,0,2,HI,Protagonist,Protagonist
HI_156.txt,दिमित्री पेसकोव,230,244,HI,Protagonist,Protagonist
HI_156.txt,यूक्रेन,0,6,HI,Antagonist,Innocent
HI_156.txt,राष्ट्रपति व्लादिमीर पुतिन,46,71,HI,Protagonist,Protagonist
HI_75.txt,प्रिंस सेबेस्टिन,41,56,HI,Innocent,Protagonist
HI_75.txt,केंद्रीय जांच ब्यूरो,216,235,HI,Protagonist,Antagonist
HI_75.txt,विनीत सिल्वा और टीनू पानी आदिमा,337,367,HI,Innocent,Antagonist
HI_75.txt,रूसी सेना,113,121,HI,Antagonist,Antagonist
HI_75.txt,भारतीय नागरिकों,235,249,HI,Innocent,Antagonist
HI_75.txt,रूसी सैनिक,526,535,HI,Protagonist,Antagonist
HI_5.txt,G7,36,37,HI,Protagonist,Protagonist
HI_5.txt,ज़ेलेंस्की,39,48,HI,Innocent,Protagonist
HI_5.txt,श्चिमी देशों,26,37,HI,Protagonist,Protagonist
HI_5.txt,यूक्रेन,42,48,HI,Innocent,Antagonist
HI_5.txt,अमेरिका,114,120,HI,Protagonist,Protagonist
HI_5.txt,फ्रांस,319,324,HI,Protagonist,Antagonist
HI_5.txt,ब्रिटेन,329,335,HI,Protagonist,Antagonist
HI_5.txt,यूक्रेन,23,29,HI,Innocent,Antagonist
HI_5.txt,व्लादिमीर ज़ेलेंस्की,56,75,HI,Protagonist,Protagonist
HI_5.txt,अमेरिका,71,77,HI,Protagonist,Antagonist
HI_5.txt,ज़ेलेंस्की,106,115,HI,Innocent,Antagonist
HI_5.txt,पुतिन,16,20,HI,Protagonist,Protagonist
HI_5.txt,प्रधानमंत्री,0,11,HI,Protagonist,Protagonist
HI_10.txt,वोलोदिमिर जेलेंस्की,274,292,HI,Innocent,Protagonist
HI_10.txt,मोदी,125,128,HI,Antagonist,Protagonist
HI_10.txt,पुतिन,328,332,HI,Antagonist,Antagonist
HI_10.txt,भारत,150,153,HI,Antagonist,Protagonist
HI_10.txt,भारत,150,153,HI,Protagonist,Protagonist
HI_154.txt,यूक्रेन,21,27,HI,Innocent,Antagonist
HI_154.txt,रूस,44,46,HI,Antagonist,Antagonist
HI_154.txt,रूसियों,305,311,HI,Antagonist,Antagonist
HI_154.txt,अमेरिका,84,90,HI,Antagonist,Antagonist
HI_154.txt,नाटो,0,3,HI,Antagonist,Protagonist
HI_154.txt,यूक्रेन,171,177,HI,Innocent,Antagonist
HI_154.txt,रूडोल्फ जी एडम,236,249,HI,Protagonist,Protagonist
HI_154.txt,भारत,288,291,HI,Protagonist,Protagonist
HI_28.txt,अमेरिका-,32,39,HI,Antagonist,Antagonist
HI_28.txt,रूस,40,42,HI,Antagonist,Antagonist
HI_28.txt,पत्रकारों,80,88,HI,Innocent,Antagonist
HI_28.txt,वादिम क्रासिकोव,356,370,HI,Antagonist,Antagonist
HI_28.txt,बाइडेन,122,127,HI,Protagonist,Protagonist
HI_28.txt,पत्रकारों,259,267,HI,Innocent,Antagonist
HI_28.txt,गेर्शकोविच,39,48,HI,Innocent,Protagonist
HI_11.txt,नाटो,210,213,HI,Antagonist,Antagonist
HI_11.txt,उत्तर,250,254,HI,Antagonist,Antagonist
HI_11.txt,अमेरिका,275,281,HI,Innocent,Antagonist
HI_11.txt,दक्षिण कोरिया,286,298,HI,Innocent,Antagonist
HI_11.txt,हमास,64,67,HI,Antagonist,Antagonist
HI_11.txt,इजरायल,54,59,HI,Protagonist,Antagonist
HI_11.txt,भारत,13,16,HI,Protagonist,Protagonist
HI_11.txt,चीन,43,45,HI,Antagonist,Antagonist
HI_11.txt,पाकिस्तान,56,64,HI,Antagonist,Protagonist
HI_11.txt,रूस,0,2,HI,Antagonist,Protagonist
HI_11.txt,यूक्रेन,7,13,HI,Innocent,Innocent
HI_11.txt,नॉर्थ कोरिया,48,59,HI,Innocent,Innocent
HI_11.txt,तानाशाह,111,117,HI,Antagonist,Antagonist
HI_31.txt,नरेंद्र मोदी,217,228,HI,Protagonist,Protagonist
HI_31.txt,व्लादिमीर पुतिन,249,263,HI,Protagonist,Protagonist
HI_31.txt,उर्गेन तमांग,49,60,HI,Innocent,Protagonist
HI_31.txt,रबि प्रधान,110,119,HI,Protagonist,Protagonist
HI_31.txt,तमांग,10,14,HI,Innocent,Protagonist
HI_31.txt,एजेंटों,78,84,HI,Antagonist,Antagonist
HI_31.txt,मोदी,134,137,HI,Protagonist,Protagonist
HI_31.txt,रूसी,165,168,HI,Protagonist,Protagonist
HI_31.txt,भारत सरकार,20,29,HI,Protagonist,Protagonist
HI_31.txt,तमांग,0,4,HI,Innocent,Antagonist
HI_31.txt,एजेंटों,120,126,HI,Antagonist,Antagonist
HI_31.txt,भारतीय नागरिकों,53,67,HI,Innocent,Innocent
HI_107.txt,NATO,137,140,HI,Antagonist,Antagonist
HI_107.txt,रूस,17,19,HI,Protagonist,Protagonist
HI_107.txt,नाटो,186,189,HI,Antagonist,Antagonist
HI_159.txt,यूक्रेन,0,6,HI,Antagonist,Innocent
HI_159.txt,रूस,48,50,HI,Protagonist,Protagonist
HI_159.txt,कुर्स्क,140,146,HI,Innocent,Innocent
HI_159.txt,रूसी सेना,327,335,HI,Protagonist,Antagonist
HI_159.txt,सर्गिव्का,420,428,HI,Innocent,Innocent
HI_159.txt,अवदीवका,146,152,HI,Innocent,Innocent
HI_159.txt,खार्किव,287,293,HI,Innocent,Innocent
HI_159.txt,पोक्रोव्स्क,75,85,HI,Innocent,Innocent
HI_159.txt,यूक्रेन,10,16,HI,Antagonist,Innocent
HI_159.txt,रूसी सेनाओं,166,176,HI,Protagonist,Antagonist
HI_159.txt,डोनेट्स्क,579,587,HI,Innocent,Innocent
HI_159.txt,लुहान्स्क,711,719,HI,Innocent,Innocent
HI_110.txt,रूस,1,3,HI,Antagonist,Antagonist
HI_110.txt,व्लादिमीर पुतिन,53,67,HI,Protagonist,Protagonist
HI_110.txt,अमेरिका,72,78,HI,Antagonist,Antagonist
HI_110.txt,ब्रिटेन,83,89,HI,Antagonist,Antagonist
HI_110.txt,यूक्रेनी सैनिकों,146,161,HI,Protagonist,Innocent
HI_110.txt,यूक्रेन,8,14,HI,Protagonist,Antagonist
HI_158.txt,पुतिन,35,39,HI,Protagonist,Protagonist
HI_158.txt,यूक्रेनी सेना,203,215,HI,Antagonist,Protagonist
HI_158.txt,कुर्स्क,250,256,HI,Innocent,Antagonist
HI_158.txt,रूस,9,11,HI,Antagonist,Antagonist
HI_158.txt,यूक्रेन,51,57,HI,Protagonist,Antagonist
HI_158.txt,मॉस्को,0,5,HI,Protagonist,Protagonist
HI_158.txt,रक्षा मंत्रालय,111,124,HI,Protagonist,Protagonist
HI_158.txt,ओलेक्सांद्र सिरस्की,33,51,HI,Protagonist,Protagonist
HI_158.txt,कीव,63,65,HI,Protagonist,Protagonist
HI_158.txt,जेलेंस्की,171,179,HI,Protagonist,Protagonist
HI_158.txt,मॉस्को,296,301,HI,Antagonist,Protagonist
HI_158.txt,युद्ध,354,358,HI,Antagonist,Protagonist
HI_158.txt,एलेक्सी स्मिरनोव,37,52,HI,Protagonist,Protagonist
HI_158.txt,नागरिक,236,241,HI,Innocent,Innocent
HI_158.txt,व्याचेस्लाव ग्लैडकोव,29,48,HI,Protagonist,Protagonist
HI_158.txt,बेलगोरोड,78,85,HI,Innocent,Innocent
HI_158.txt,क्रास्नाया यारुगा,148,164,HI,Innocent,Innocent
HI_158.txt,यूक्रेनी सेना,175,187,HI,Antagonist,Antagonist
HI_158.txt,पुतिन,298,302,HI,Protagonist,Protagonist
HI_158.txt,राष्ट्रपति,0,9,HI,Protagonist,Protagonist
HI_158.txt,रूस,192,194,HI,Antagonist,Antagonist
HI_158.txt,कीव की सेना,196,206,HI,Innocent,Antagonist
HI_158.txt,रूस,192,194,HI,Antagonist,Antagonist
HI_158.txt,मॉस्को,0,5,HI,Antagonist,Protagonist
HI_158.txt,कीव,10,12,HI,Antagonist,Antagonist
HI_158.txt,इहोर रोमानेंको,71,84,HI,Protagonist,Protagonist
HI_158.txt,यूक्रेन के लोगों,108,123,HI,Innocent,Protagonist
HI_158.txt,चीन,409,411,HI,Protagonist,Protagonist
HI_158.txt,प्रवक्ता,12,19,HI,Protagonist,Protagonist
HI_158.txt,चीन,190,192,HI,Antagonist,Protagonist
HI_158.txt,नाटो सदस्यों,505,516,HI,Protagonist,Protagonist
HI_158.txt,बीजिंग,521,526,HI,Antagonist,Protagonist
HI_140.txt,डॉ. एमिली ग्रीनफ़ील्ड,0,20,HI,Protagonist,Protagonist
HI_38.txt,भारत,70,73,HI,Protagonist,Protagonist
HI_4.txt,जिनपिंग सरकार,97,109,HI,Protagonist,Protagonist
HI_4.txt,चीन,40,42,HI,Protagonist,Protagonist
HI_4.txt,अमेरिका,273,279,HI,Protagonist,Protagonist
HI_4.txt,पश्चिमी,284,290,HI,Protagonist,Antagonist
HI_4.txt,चीन,333,335,HI,Protagonist,Antagonist
HI_4.txt,चीन,333,335,HI,Protagonist,Antagonist
HI_4.txt,जिनपिंग सरकार,590,602,HI,Protagonist,Protagonist
HI_4.txt,चीन,333,335,HI,Antagonist,Antagonist
HI_4.txt,शी जिनपिंग,27,36,HI,Protagonist,Protagonist
HI_4.txt,चीन,0,2,HI,Protagonist,Protagonist
HI_4.txt,चीन,0,2,HI,Antagonist,Protagonist
HI_4.txt,चीन,0,2,HI,Protagonist,Protagonist
HI_4.txt,अमेरिका,26,32,HI,Antagonist,Antagonist
HI_4.txt,पश्चिमी देशों,37,49,HI,Antagonist,Antagonist
HI_4.txt,अमेरिका,26,32,HI,Antagonist,Antagonist
HI_4.txt,पश्चिमी देशों,37,49,HI,Antagonist,Antagonist
HI_95.txt,रूस,0,2,HI,Protagonist,Protagonist
HI_95.txt,नाटो,33,36,HI,Antagonist,Antagonist
HI_95.txt,यूक्रेन,38,44,HI,Innocent,Antagonist
HI_95.txt,रूस,2,4,HI,Antagonist,Protagonist
HI_95.txt,हिजबुल्लाह,13,22,HI,Antagonist,Antagonist
HI_95.txt,इजरायल,27,32,HI,Innocent,Innocent
HI_95.txt,रूस,28,30,HI,Antagonist,Protagonist
HI_95.txt,उत्तर कोरिया,0,11,HI,Antagonist,Protagonist
HI_12.txt,नरेन्द्र मोदी,13,25,HI,Protagonist,Protagonist
HI_12.txt,कार्ल नेहमर,221,231,HI,Protagonist,Protagonist
HI_12.txt,मोदी,5,8,HI,Protagonist,Protagonist
HI_12.txt,ऑस्ट्रिया,17,25,HI,Protagonist,Protagonist
HI_12.txt,भारत,30,33,HI,Protagonist,Protagonist
HI_12.txt,भारत,64,67,HI,Protagonist,Protagonist
HI_12.txt,भारत,64,67,HI,Protagonist,Protagonist
HI_12.txt,ऑस्ट्रिया,23,31,HI,Protagonist,Protagonist
HI_34.txt,पुतिन,0,4,HI,Antagonist,Protagonist
HI_34.txt,यूक्रेनी सेना,19,31,HI,Protagonist,Protagonist
HI_34.txt,यूक्रेन,28,34,HI,Protagonist,Protagonist
HI_34.txt,रूसी सेना,86,94,HI,Antagonist,Antagonist
HI_34.txt,यूक्रेन,35,41,HI,Innocent,Protagonist
HI_34.txt,यूक्रेन,35,41,HI,Protagonist,Protagonist
HI_34.txt,यूक्रेन,35,41,HI,Protagonist,Protagonist
HI_34.txt,यूक्रेन,23,29,HI,Innocent,Antagonist
HI_34.txt,अमेरिका,67,73,HI,Antagonist,Protagonist
HI_34.txt,यूक्रेन,23,29,HI,Innocent,Antagonist
HI_34.txt,वलोडोमिर जेलेंस्की,204,221,HI,Innocent,Protagonist
HI_34.txt,यूक्रेनी सेना,261,273,HI,Protagonist,Protagonist
HI_34.txt,यूक्रेन,18,24,HI,Innocent,Innocent
HI_34.txt,रूस,13,15,HI,Antagonist,Protagonist
HI_34.txt,यूक्रेन,18,24,HI,Protagonist,Innocent
PT_203.txt,Pantanal,38,45,PT,Innocent,Innocent
PT_203.txt,Valdelice Verón,112,126,PT,Innocent,Protagonist
PT_203.txt,Guarani Kaiowá,137,150,PT,Innocent,Protagonist
PT_208.txt,Caatinga,2,9,PT,Innocent,Innocent
PT_208.txt,Rodrigo Agostinho,190,206,PT,Protagonist,Protagonist
PT_208.txt,Claudecy Oliveira Lemes,13,35,PT,Antagonist,Antagonist
PT_233.txt,Amazónia,538,545,PT,Innocent,Innocent
PT_241.txt,Rússia,2,7,PT,Protagonist,Protagonist
PT_241.txt,União Europeia,107,120,PT,Antagonist,Protagonist
PT_259.txt,Maria Zakharova,59,73,PT,Protagonist,Protagonist
PT_259.txt,Volodymyr Zelensky,126,143,PT,Antagonist,Protagonist
PT_259.txt,Ucrânia,233,239,PT,Innocent,Antagonist
PT_259.txt,Zelensky,91,98,PT,Antagonist,Antagonist
PT_259.txt,Zelensky,29,36,PT,Antagonist,Antagonist
PT_259.txt,Kiev,59,62,PT,Antagonist,Antagonist
PT_259.txt,Rússia,195,200,PT,Antagonist,Protagonist
PT_220.txt,Pantanal,182,189,PT,Innocent,Innocent
PT_220.txt,Amazónia,2,9,PT,Innocent,Innocent
PT_220.txt,Cerrado,94,100,PT,Innocent,Innocent
PT_254.txt,Moscovo,31,37,PT,Antagonist,Antagonist
PT_254.txt,Anton Trofimov,279,292,PT,Protagonist,Protagonist
PT_211.txt,África Ocidental,188,203,PT,Innocent,Innocent
PT_211.txt,Golfo Pérsico,210,222,PT,Innocent,Innocent
PT_211.txt,Burkina Faso,232,243,PT,Innocent,Innocent
PT_211.txt,Mali,246,249,PT,Innocent,Innocent
PT_211.txt,Qatar,252,256,PT,Innocent,Innocent
PT_211.txt,Aruba,259,263,PT,Innocent,Innocent
PT_211.txt,Emirados Árabes Unidos,267,288,PT,Innocent,Innocent
PT_211.txt,Índia,53,57,PT,Innocent,Innocent
PT_211.txt,Nigéria,62,68,PT,Innocent,Innocent
PT_211.txt,Indonésia,74,82,PT,Innocent,Innocent
PT_237.txt,Rússia,2,7,PT,Protagonist,Protagonist
PT_237.txt,Ucrânia,160,166,PT,Antagonist,Antagonist
PT_237.txt,Washington,172,181,PT,Antagonist,Antagonist
PT_250.txt,Igor Sechin,51,61,PT,Protagonist,Protagonist
PT_224.txt,governo,46,52,PT,Antagonist,Innocent
PT_224.txt,Pantanal,233,240,PT,Innocent,Innocent
PT_224.txt,Autoridade do Clima,148,166,PT,Antagonist,Antagonist
PT_224.txt,Foz do Amazonas,315,329,PT,Innocent,Innocent
PT_224.txt,Governo Federal,33,47,PT,Antagonist,Antagonist
PT_228.txt,Marina Silva,24,35,PT,Protagonist,Protagonist
PT_228.txt,Pantanal,110,117,PT,Innocent,Innocent
PT_228.txt,Amazónia,172,179,PT,Innocent,Innocent
PT_253.txt,Ucrânia,118,124,PT,Innocent,Antagonist
PT_253.txt,Kremlin,181,187,PT,Antagonist,Antagonist
PT_253.txt,von der Leyen,275,287,PT,Protagonist,Protagonist
PT_253.txt,Denys Shmyhal,157,169,PT,Protagonist,Protagonist
PT_253.txt,Dmitry Peskov,46,58,PT,Protagonist,Protagonist
PT_253.txt,Ucrânia,115,121,PT,Antagonist,Antagonist
PT_253.txt,Rússia,153,158,PT,Innocent,Antagonist
PT_253.txt,Comissão Europeia,17,33,PT,Antagonist,Protagonist
PT_253.txt,Vladimir Putin,167,180,PT,Protagonist,Antagonist
PT_209.txt,Leonardo Boff,0,12,PT,Protagonist,Protagonist
PT_209.txt,Terra,17,21,PT,Innocent,Innocent
PT_202.txt,Túlio Gadêlha,58,70,PT,Protagonist,Protagonist
PT_202.txt,Caatinga,269,276,PT,Innocent,Innocent
PT_202.txt,Marina Silva,86,97,PT,Protagonist,Protagonist
PT_232.txt,Goiás,164,168,PT,Innocent,Innocent
PT_232.txt,Mato Grosso,171,181,PT,Innocent,Innocent
PT_232.txt,Mato Grosso do Sul,184,201,PT,Innocent,Innocent
PT_232.txt,Tocantins,204,212,PT,Innocent,Innocent
PT_232.txt,Minas Gerais,215,226,PT,Innocent,Innocent
PT_232.txt,Pará,229,232,PT,Innocent,Innocent
PT_232.txt,Paraná,235,240,PT,Innocent,Innocent
PT_232.txt,São Paulo,243,251,PT,Innocent,Innocent
PT_232.txt,Rio de Janeiro,255,268,PT,Innocent,Innocent
PT_232.txt,Cerrado,260,266,PT,Innocent,Innocent
PT_232.txt,Floresta Amazónica,272,289,PT,Innocent,Innocent
PT_245.txt,Federação Russa,131,145,PT,Antagonist,Antagonist
PT_245.txt,Ucrânia,188,194,PT,Innocent,Antagonist
PT_245.txt,Kursk,266,270,PT,Innocent,Innocent
PT_206.txt,Marina Silva,52,63,PT,Protagonist,Protagonist
PT_249.txt,Moscovo,76,82,PT,Protagonist,Protagonist
PT_249.txt,Kiev,237,240,PT,Antagonist,Protagonist
PT_249.txt,Subianto,193,200,PT,Protagonist,Protagonist
PT_249.txt,Rússia,3,8,PT,Protagonist,Protagonist
PT_249.txt,Ucrânia,172,178,PT,Antagonist,Protagonist
PT_249.txt,Mikhail Galuzin,70,84,PT,Protagonist,Protagonist
PT_249.txt,Zelensky,172,179,PT,Antagonist,Antagonist
PT_210.txt,Porto Alegre,19,30,PT,Innocent,Innocent
PT_210.txt,Rio Grande do Sul,55,71,PT,Innocent,Innocent
PT_230.txt,Brasil,21,26,PT,Innocent,Innocent
PT_230.txt,São Paulo,146,154,PT,Innocent,Innocent
PT_230.txt,Amazónia,202,209,PT,Innocent,Innocent
PT_244.txt,Comité Organizador de Paris-2024,3,34,PT,Antagonist,Protagonist
PT_244.txt,Maria Zakharova,107,121,PT,Protagonist,Protagonist
PT_213.txt,Maceió,74,79,PT,Innocent,Innocent
PT_213.txt,Braskem,26,32,PT,Antagonist,Innocent
PT_226.txt,Vale do Taquari,390,404,PT,Innocent,Innocent
PT_226.txt,Rio de Janeiro,69,82,PT,Innocent,Innocent
PT_239.txt,Dmitro Kuleba,49,61,PT,Protagonist,Protagonist
PT_239.txt,Rússia,163,168,PT,Antagonist,Antagonist
PT_239.txt,Moscovo,180,186,PT,Antagonist,Antagonist
PT_239.txt,China,3,7,PT,Protagonist,Protagonist
PT_239.txt,China,2,6,PT,Protagonist,Protagonist
PT_239.txt,Rússia,34,39,PT,Protagonist,Antagonist
PT_239.txt,Estados Unidos,71,84,PT,Antagonist,Antagonist
PT_239.txt,NATO,95,98,PT,Antagonist,Antagonist
PT_239.txt,Moscovo,152,158,PT,Innocent,Antagonist
PT_239.txt,Volodimir Zelensky,39,56,PT,Protagonist,Protagonist
PT_234.txt,Ásia,293,296,PT,Innocent,Innocent
PT_234.txt,Antártida,302,310,PT,Innocent,Innocent
PT_234.txt,Amazónia,7,14,PT,Innocent,Innocent
PT_207.txt,Zequinha Marinho,10,25,PT,Protagonist,Protagonist
PT_207.txt,Parlamento Europeu,179,196,PT,Antagonist,Antagonist
PT_217.txt,São Paulo,113,121,PT,Innocent,Innocent
PT_217.txt,Rio de Janeiro,125,138,PT,Innocent,Innocent
PT_204.txt,Papa Francisco,2,15,PT,Protagonist,Protagonist
PT_229.txt,Panamá,43,48,PT,Innocent,Innocent
PT_229.txt,Vásquez,132,138,PT,Protagonist,Protagonist
PT_229.txt,El Niño,64,70,PT,Antagonist,Innocent
PT_225.txt,Rio Grande do Sul,3,19,PT,Innocent,Innocent
PT_225.txt,Maranhão,2,9,PT,Innocent,Innocent
PT_225.txt,Matopiba,205,212,PT,Innocent,Innocent
PT_225.txt,Carlos Nobre,64,75,PT,Protagonist,Protagonist
PT_225.txt,Rio Grande do Sul,84,100,PT,Innocent,Antagonist
RU-URW-1135.txt,Виктора Орбана,77,90,RU,Antagonist,Protagonist
RU-URW-1135.txt,Александр Шатилов,324,340,RU,Protagonist,Protagonist
RU-URW-1093.txt,Украинские боевики,1,18,RU,Antagonist,Antagonist
RU-URW-1118.txt,Россия,1,6,RU,Protagonist,Protagonist
RU-URW-1118.txt,Владимир Зеленский,24,41,RU,Antagonist,Antagonist
RU-URW-1118.txt,РФ,36,37,RU,Protagonist,Protagonist
RU-URW-1118.txt,Киев,79,82,RU,Antagonist,Antagonist
RU-URW-1101.txt,Киева,37,41,RU,Antagonist,Antagonist
RU-URW-1101.txt,Зеленского,216,225,RU,Antagonist,Antagonist
RU-URW-1032.txt,Владимир Зеленский,0,17,RU,Antagonist,Protagonist
RU-URW-1032.txt,Трамп,65,69,RU,Protagonist,Antagonist
RU-URW-1004.txt,Владимиру Зеленскому,0,19,RU,Antagonist,Protagonist
RU-URW-1004.txt,Виктор Орбан,208,219,RU,Protagonist,Protagonist
RU-URW-1004.txt,Будапешт,17,24,RU,Protagonist,Protagonist
RU-URW-1004.txt,Орбан,93,97,RU,Protagonist,Protagonist
RU-URW-1127.txt,осольство США,365,377,RU,Antagonist,Antagonist
RU-URW-1127.txt,Ермак,117,121,RU,Antagonist,Antagonist
RU-URW-1127.txt,Владимиром Путиным,38,55,RU,Protagonist,Protagonist
RU-URW-1069.txt,Российской Федерации,116,135,RU,Protagonist,Protagonist
RU-URW-1023.txt,Белоруссии,36,45,RU,Innocent,Antagonist
RU-URW-1023.txt,Европа,372,377,RU,Innocent,Antagonist
RU-URW-1023.txt,США,388,390,RU,Innocent,Antagonist
RU-URW-1053.txt,Ле Пен,70,75,RU,Protagonist,Protagonist
RU-URW-1053.txt,России,155,160,RU,Innocent,Antagonist
RU-URW-1053.txt,ЕС,281,282,RU,Antagonist,Antagonist
RU-URW-1061.txt,российских территорий,42,62,RU,Innocent,Innocent
RU-URW-1061.txt,ВСУ,748,750,RU,Antagonist,Innocent
RU-URW-1061.txt,Байдена,1216,1222,RU,Antagonist,Innocent
RU-URW-1102.txt,Россия,9,14,RU,Protagonist,Protagonist
RU-URW-1102.txt,ВСУ,63,65,RU,Antagonist,Antagonist
RU-URW-1102.txt,местных жителей,530,544,RU,Innocent,Antagonist
RU-URW-1120.txt,США,52,54,RU,Antagonist,Antagonist
RU-URW-1120.txt,Донецка,132,138,RU,Innocent,Antagonist
RU-URW-1120.txt,Россией,12,18,RU,Innocent,Antagonist
RU-URW-1014.txt,Российские войска,0,16,RU,Protagonist,Protagonist
RU-URW-1014.txt,ВСУ,38,40,RU,Antagonist,Antagonist
RU-URW-1146.txt,Китая,85,89,RU,Protagonist,Antagonist
RU-URW-1146.txt,Белоруссии,113,122,RU,Protagonist,Antagonist
RU-URW-1146.txt,Польши,335,340,RU,Antagonist,Antagonist
RU-URW-1146.txt,Украиной,585,592,RU,Antagonist,Antagonist
RU-URW-1146.txt,Польшей,603,609,RU,Antagonist,Antagonist
RU-URW-1171.txt,Украине,173,179,RU,Antagonist,Antagonist
RU-URW-1171.txt,Госдуме,5,11,RU,Protagonist,Antagonist
RU-URW-1171.txt,США,131,133,RU,Antagonist,Antagonist
RU-URW-1171.txt,Великобритании,137,150,RU,Antagonist,Antagonist
RU-URW-1171.txt,ВСУ,247,249,RU,Antagonist,Antagonist
RU-URW-1171.txt,Франции,324,330,RU,Antagonist,Antagonist
RU-URW-1184.txt,БРИКС,27,31,RU,Protagonist,Antagonist
RU-URW-1073.txt,Трампа,87,92,RU,Protagonist,Antagonist
RU-URW-1073.txt,Орбану,195,200,RU,Protagonist,Antagonist
RU-URW-1073.txt,Ермак,396,400,RU,Antagonist,Protagonist
RU-URW-1073.txt,Америку,438,444,RU,Antagonist,Antagonist
RU-URW-1043.txt,ФСБ,0,2,RU,Protagonist,Antagonist
RU-URW-1043.txt,Главному управлению разведки Украины,152,187,RU,Antagonist,Antagonist
RU-URW-1043.txt,УФСБ,36,39,RU,Protagonist,Antagonist
RU-URW-1168.txt,ВСУ,149,151,RU,Antagonist,Antagonist
RU-URW-1168.txt,Марьяна Безуглая,259,274,RU,Antagonist,Antagonist
RU-URW-1168.txt,ВС РФ,628,632,RU,Protagonist,Antagonist
RU-URW-1168.txt,украинский генералитет,696,717,RU,Antagonist,Antagonist
RU-URW-1110.txt,Страны Запада,1,13,RU,Antagonist,Antagonist
RU-URW-1110.txt,Украине,52,58,RU,Antagonist,Antagonist
RU-URW-1166.txt,Путин,161,165,RU,Protagonist,Antagonist
RU-URW-1166.txt,Си Цзиньпин,873,883,RU,Protagonist,Antagonist
RU-URW-1166.txt,Виктор Орбан,1846,1857,RU,Protagonist,Antagonist
RU-URW-1077.txt,Россия,0,5,RU,Protagonist,Protagonist
RU-URW-1077.txt,Китай,9,13,RU,Protagonist,Protagonist
RU-URW-1077.txt,Александера Стубба,112,129,RU,Antagonist,Protagonist
RU-URW-1077.txt,Североатлантическому альянсу,28,55,RU,Antagonist,Antagonist
RU-URW-1170.txt,Владимир Зеленский,39,56,RU,Antagonist,Protagonist
RU-URW-1170.txt,Дональдом Туском,503,518,RU,Antagonist,Protagonist
RU-URW-1170.txt,Польша,1859,1864,RU,Antagonist,Antagonist
RU-URW-1085.txt,Юрия Трутнева,104,116,RU,Protagonist,Protagonist
RU-URW-1174.txt,Зеленского,171,180,RU,Antagonist,Antagonist
RU-URW-1174.txt,ОБСЕ,44,47,RU,Antagonist,Antagonist
RU-URW-1174.txt,Германии,160,167,RU,Antagonist,Antagonist
RU-URW-1174.txt,Франции,171,177,RU,Antagonist,Antagonist
RU-URW-1174.txt,Зеленский,0,8,RU,Antagonist,Protagonist
RU-URW-1152.txt,НАТО,8,11,RU,Protagonist,Antagonist
RU-URW-1152.txt,Китаем,85,90,RU,Antagonist,Antagonist
RU-URW-1152.txt,России,92,97,RU,Antagonist,Antagonist
RU-URW-1152.txt,США,132,134,RU,Antagonist,Antagonist
RU-URW-1139.txt,Запада,167,172,RU,Antagonist,Antagonist
RU-URW-1139.txt,России,292,297,RU,Innocent,Antagonist
RU-URW-1139.txt,НАТО,278,281,RU,Antagonist,Antagonist
RU-URW-1139.txt,Зеленского,200,209,RU,Antagonist,Antagonist
RU-URW-1139.txt,Киеву,165,169,RU,Antagonist,Antagonist
